words,count,book
கழிநெடிலடி,14,pmuni0171.html
யாசிரியவிருத்தம்,13,pmuni0171.html
பாடுவனே,11,pmuni0171.html
அறுசீர்க்,9,pmuni0171.html
பேரைச்சொல்லாய்,9,pmuni0171.html
பாடநான்,9,pmuni0171.html
வேறு,6,pmuni0171.html
கையே,6,pmuni0171.html
யம்மே,5,pmuni0171.html
எண்சீர்க்,5,pmuni0171.html
மலையெங்கண்,5,pmuni0171.html
மலையே,5,pmuni0171.html
தம்மே,5,pmuni0171.html
மதுரை,3,pmuni0171.html
மீனாட்சியம்மை,3,pmuni0171.html
குறம்,3,pmuni0171.html
சிந்து,3,pmuni0171.html
ணம்மை,3,pmuni0171.html
விளையாடு,3,pmuni0171.html
தென்பொதிய,3,pmuni0171.html
;,2,pmuni0171.html
குடுமித்,2,pmuni0171.html
குறத்திநா,2,pmuni0171.html
னம்மே,2,pmuni0171.html
பொதியமலைக்,2,pmuni0171.html
வடவரையிற்,2,pmuni0171.html
பாவை,2,pmuni0171.html
தமிழ்முனிவன்,2,pmuni0171.html
செங்கை,2,pmuni0171.html
பங்க,2,pmuni0171.html
லிங்க,2,pmuni0171.html
கயற்கணம்மை,2,pmuni0171.html
வாரம்மே,2,pmuni0171.html
யங்கயற்கட்,2,pmuni0171.html
முலைக்குறியு,2,pmuni0171.html
கலிப்பா,2,pmuni0171.html
யென்மலையே,2,pmuni0171.html
மங்கயற்கண்,2,pmuni0171.html
மொருபால்,2,pmuni0171.html
ணம்மே,2,pmuni0171.html
ளங்கயற்கண்,2,pmuni0171.html
சொன்னாள்,2,pmuni0171.html
கன்னிமா,2,pmuni0171.html
மென்றேன்,2,pmuni0171.html
நினைத்தகுறி,2,pmuni0171.html
யினிச்சொலக்கே,2,pmuni0171.html
ளம்மே,2,pmuni0171.html
நவமணிக,2,pmuni0171.html
கொண்டுவா,2,pmuni0171.html
றதுகாண்,2,pmuni0171.html
மொய்குழலைப்,2,pmuni0171.html
﻿,1,pmuni0171.html
ஸ்ரீகுமரகுருபர,1,pmuni0171.html
சுவாமிகள்,1,pmuni0171.html
அருளிய,1,pmuni0171.html
©,1,pmuni0171.html
காப்பு,1,pmuni0171.html
கார்கொண்ட,1,pmuni0171.html
பொழின்மதுரைக்,1,pmuni0171.html
கர்ப்பூர,1,pmuni0171.html
வல்லிமணங்,1,pmuni0171.html
கமழுந்,1,pmuni0171.html
தெய்வத்,1,pmuni0171.html
தார்கொண்ட,1,pmuni0171.html
கருங்குழலங்,1,pmuni0171.html
கயற்கணா,1,pmuni0171.html
யகிகுறஞ்செந்,1,pmuni0171.html
தமிழாற்,1,pmuni0171.html
பாட,1,pmuni0171.html
வார்கொண்ட,1,pmuni0171.html
புகர்முகத்தைங்,1,pmuni0171.html
கரத்தொருகோட்,1,pmuni0171.html
டிருசெவிமும்,1,pmuni0171.html
மதத்து,1,pmuni0171.html
நால்வாய்ப்,1,pmuni0171.html
போர்கொண்ட,1,pmuni0171.html
கவுட்சிறுகட்,1,pmuni0171.html
சித்திவிநா,1,pmuni0171.html
யகன்றுணைத்தாள்,1,pmuni0171.html
போற்று,1,pmuni0171.html
வாமே,1,pmuni0171.html
பூமருவிய,1,pmuni0171.html
பொழிறிகழ்,1,pmuni0171.html
மதுரா,1,pmuni0171.html
புரிமருவிய,1,pmuni0171.html
வங்கயற்க,1,pmuni0171.html
தேமருவிய,1,pmuni0171.html
மதிதவழ்,1,pmuni0171.html
தென்பொதியக்,1,pmuni0171.html
செந்நென்,1,pmuni0171.html
முத்துங்,1,pmuni0171.html
கன்னன்முத்,1,pmuni0171.html
துமொளி,1,pmuni0171.html
திகழ்மதுரை,1,pmuni0171.html
யங்கயற்க,1,pmuni0171.html
பொன்னுமுத்துஞ்,1,pmuni0171.html
சொரியும்வெள்,1,pmuni0171.html
ளருவிப்,1,pmuni0171.html
செண்டிருக்கும்,1,pmuni0171.html
சேலிருந்து,1,pmuni0171.html
மரசிருக்குந்,1,pmuni0171.html
தென்ன,1,pmuni0171.html
ரீன்ற,1,pmuni0171.html
கண்டிருக்கு,1,pmuni0171.html
மதுரமொழிக்,1,pmuni0171.html
கனியிருக்குந்,1,pmuni0171.html
துவரிதழங்,1,pmuni0171.html
கயற்கட்,1,pmuni0171.html
வண்டிருக்கு,1,pmuni0171.html
நறைக்கமல,1,pmuni0171.html
மலரிருக்கும்,1,pmuni0171.html
பரிபுரத்தாண்,1,pmuni0171.html
மனத்துள்,1,pmuni0171.html
வைத்துக்,1,pmuni0171.html
கொண்டிருக்குந்,1,pmuni0171.html
குடியிருக்கும்,1,pmuni0171.html
குறத்தி,1,pmuni0171.html
நானே,1,pmuni0171.html
மங்கை,1,pmuni0171.html
குங்குமக்,1,pmuni0171.html
கொங்கை,1,pmuni0171.html
பங்கயச்,1,pmuni0171.html
யங்கயற்,1,pmuni0171.html
கண்ணினாள்,1,pmuni0171.html
மறை,1,pmuni0171.html
பண்ணினாள்,1,pmuni0171.html
னைக்கழ,1,pmuni0171.html
லங்க,1,pmuni0171.html
னைச்சொக்க,1,pmuni0171.html
னைக்கூடி,1,pmuni0171.html
மேவுவாய்,1,pmuni0171.html
கொல்லிப்,1,pmuni0171.html
பாவையே,1,pmuni0171.html
வஞ்சி,1,pmuni0171.html
யேயப,1,pmuni0171.html
ரஞ்சி,1,pmuni0171.html
யேமட,1,pmuni0171.html
மயிலே,1,pmuni0171.html
வரிக்,1,pmuni0171.html
குயிலே,1,pmuni0171.html
கொஞ்சி,1,pmuni0171.html
யேபழி,1,pmuni0171.html
யஞ்சி,1,pmuni0171.html
யாருனைக்,1,pmuni0171.html
கூடுவா,1,pmuni0171.html
ரினி,1,pmuni0171.html
புழுகாலே,1,pmuni0171.html
தரைமெழுகு,1,pmuni0171.html
பிள்ளை,1,pmuni0171.html
யார்வை,1,pmuni0171.html
பொற்கோல,1,pmuni0171.html
மிட்டுநிறை,1,pmuni0171.html
நாழி,1,pmuni0171.html
வையாய்,1,pmuni0171.html
ஆழிகைதா,1,pmuni0171.html
வழகாருமங்,1,pmuni0171.html
பங்கர்,1,pmuni0171.html
அழகியசொக்க,1,pmuni0171.html
ரருள்புரிவருன்,1,pmuni0171.html
பான்மருவி,1,pmuni0171.html
பேசு,1,pmuni0171.html
மென்குறி,1,pmuni0171.html
மோச,1,pmuni0171.html
மென்றிடில்,1,pmuni0171.html
ஆர்சொ,1,pmuni0171.html
லும்பரி,1,pmuni0171.html
யாசமே,1,pmuni0171.html
வாச,1,pmuni0171.html
மென்குழ,1,pmuni0171.html
லாய்சவுந்தர,1,pmuni0171.html
மாறர்,1,pmuni0171.html
வந்தணை,1,pmuni0171.html
வாரமே,1,pmuni0171.html
நங்கை,1,pmuni0171.html
நீகரு,1,pmuni0171.html
துங்குறி,1,pmuni0171.html
சொல்லவுன்,1,pmuni0171.html
தனக்கொடு,1,pmuni0171.html
வாவெங்கள்,1,pmuni0171.html
அங்க,1,pmuni0171.html
யற்கண்ணி,1,pmuni0171.html
ரருட்சொக்க,1,pmuni0171.html
ரினியணை,1,pmuni0171.html
தூசுமொரு,1,pmuni0171.html
காசும்வையுண்,1,pmuni0171.html
ணேசம்வரவே,1,pmuni0171.html
சொல்லநான்,1,pmuni0171.html
ஈசர்கயி,1,pmuni0171.html
லாசர்மது,1,pmuni0171.html
ரேசருனைச்சேர்,1,pmuni0171.html
கைக்குறியின்,1,pmuni0171.html
முகக்குறிநன்,1,pmuni0171.html
றிடத்தெழுந்த,1,pmuni0171.html
கவுளிநண்று,1,pmuni0171.html
கண்னி,1,pmuni0171.html
மார்வந்,1,pmuni0171.html
திக்குறிநன்,1,pmuni0171.html
றென்கின்றா,1,pmuni0171.html
ரிடக்கண்ணுந்,1,pmuni0171.html
துடிக்கின்ற,1,pmuni0171.html
திதன்மே,1,pmuni0171.html
லுண்டோ,1,pmuni0171.html
பொய்க்குறிய,1,pmuni0171.html
சிறுமருங்குற்,1,pmuni0171.html
பூங்கொடி,1,pmuni0171.html
நீ,1,pmuni0171.html
பூவை,1,pmuni0171.html
மாதின்,1,pmuni0171.html
மெய்க்குறியும்,1,pmuni0171.html
வளைக்குறியு,1,pmuni0171.html
மணிந்தவர்தோண்,1,pmuni0171.html
மேவு,1,pmuni0171.html
வா,1,pmuni0171.html
யே,1,pmuni0171.html
மொச்சகக்,1,pmuni0171.html
கடமலைக்கும்,1,pmuni0171.html
வெம்மலையாங்,1,pmuni0171.html
கம்மலையு,1,pmuni0171.html
மாயிரவாய்ப்,1,pmuni0171.html
படமலைக்கு,1,pmuni0171.html
மரவரசும்,1,pmuni0171.html
பரித்தருளும்,1,pmuni0171.html
பார்மடந்தை,1,pmuni0171.html
குடமலைக்குந்,1,pmuni0171.html
தடமுலையாங்,1,pmuni0171.html
குலமலைக,1,pmuni0171.html
ளிரண்டெனவும்,1,pmuni0171.html
வடமலைக்குந்,1,pmuni0171.html
தென்பொதியு,1,pmuni0171.html
மலயமலை,1,pmuni0171.html
திங்கண்முடி,1,pmuni0171.html
சூடுமலை,1,pmuni0171.html
தென்றல்விளை,1,pmuni0171.html
யாடுமலை,1,pmuni0171.html
தங்குபுயல்,1,pmuni0171.html
சூழுமலை,1,pmuni0171.html
வாழுமலை,1,pmuni0171.html
அங்கயற்க,1,pmuni0171.html
ணம்மைதிரு,1,pmuni0171.html
வருள்சுரந்து,1,pmuni0171.html
பொழிவதெனப்,1,pmuni0171.html
பொங்கருவி,1,pmuni0171.html
தூங்குமலை,1,pmuni0171.html
பொதியமலை,1,pmuni0171.html
கன்ன,1,pmuni0171.html
மதம்பெய்,1,pmuni0171.html
துறங்குகொலைக்,1,pmuni0171.html
களிறு,1,pmuni0171.html
கிடந்து,1,pmuni0171.html
பிளிறுமலை,1,pmuni0171.html
தென்னந்,1,pmuni0171.html
தமிழும்,1,pmuni0171.html
பசுங்குழவித்,1,pmuni0171.html
தென்றற்,1,pmuni0171.html
கொழுந்துந்,1,pmuni0171.html
திளைக்குமலை,1,pmuni0171.html
அன்னம்,1,pmuni0171.html
பயிலும்,1,pmuni0171.html
பொழிற்கூட,1,pmuni0171.html
லறலங்,1,pmuni0171.html
கூந்தற்,1,pmuni0171.html
பிடியாண்ட,1,pmuni0171.html
பொன்னங்,1,pmuni0171.html
தடஞ்சாரற்,1,pmuni0171.html
பொதிய,1,pmuni0171.html
மலையென்,1,pmuni0171.html
மலையம்மே,1,pmuni0171.html
மந்தமா,1,pmuni0171.html
ருதம்வளரு,1,pmuni0171.html
வடகலைதென்,1,pmuni0171.html
கலைபயிலு,1,pmuni0171.html
கந்தவேள்,1,pmuni0171.html
கனகநவ,1,pmuni0171.html
மணிவிளையு,1,pmuni0171.html
இந்தமா,1,pmuni0171.html
நிலம்புரக்கு,1,pmuni0171.html
யின்பமுறுந்,1,pmuni0171.html
சிங்கமும்வெங்,1,pmuni0171.html
களிறுமுடன்,1,pmuni0171.html
மொருபாற்,1,pmuni0171.html
சினப்புலியு,1,pmuni0171.html
மடப்பிணையுந்,1,pmuni0171.html
திளைத்திடுமங்,1,pmuni0171.html
கொருபால்,1,pmuni0171.html
வெங்கரடி,1,pmuni0171.html
மரையினொடும்,1,pmuni0171.html
விடவரவு,1,pmuni0171.html
மடமயிலும்,1,pmuni0171.html
விருந்தயரு,1,pmuni0171.html
அங்கணமர்,1,pmuni0171.html
நிலங்கவிக்கும்,1,pmuni0171.html
வெண்கவிகை,1,pmuni0171.html
நிழற்கீ,1,pmuni0171.html
ழம்பொன்முடி,1,pmuni0171.html
சூடிமெங்க,1,pmuni0171.html
ளபிடேக,1,pmuni0171.html
வல்லி,1,pmuni0171.html
செங்கமலப்,1,pmuni0171.html
பதம்பரவுங்,1,pmuni0171.html
கும்பமுனி,1,pmuni0171.html
பயிலுந்,1,pmuni0171.html
மலைகாண்மற்,1,pmuni0171.html
றெங்கண்மலை,1,pmuni0171.html
கச்சைப்,1,pmuni0171.html
பொருது,1,pmuni0171.html
மதர்த்தெழுந்து,1,pmuni0171.html
கதிர்த்துப்,1,pmuni0171.html
பணைத்த,1,pmuni0171.html
மணிக்கொங்கைப்,1,pmuni0171.html
பச்சைப்,1,pmuni0171.html
பசுங்கொம்,1,pmuni0171.html
பங்கயற்கட்,1,pmuni0171.html
பயந்த,1,pmuni0171.html
வாறிருதோட்,1,pmuni0171.html
செச்சைப்,1,pmuni0171.html
படலை,1,pmuni0171.html
நறுங்குஞ்சிச்,1,pmuni0171.html
சிறுவன்,1,pmuni0171.html
றனக்குப்,1,pmuni0171.html
பெருந்தடங்கட்,1,pmuni0171.html
கொச்சைச்,1,pmuni0171.html
சிறுமி,1,pmuni0171.html
தனைக்கொடுத்த,1,pmuni0171.html
குறவர்,1,pmuni0171.html
குலமெங்,1,pmuni0171.html
குலமம்மே,1,pmuni0171.html
கொழுங்கொடியின்,1,pmuni0171.html
விழுந்தவள்ளிக்,1,pmuni0171.html
கிழங்குகல்லி,1,pmuni0171.html
யெடுப்போம்,1,pmuni0171.html
குறிஞ்சிமலர்,1,pmuni0171.html
தெரிந்துமுல்லைக்,1,pmuni0171.html
கொடியில்வைத்துத்,1,pmuni0171.html
தொடுப்போம்,1,pmuni0171.html
பழம்பிழிந்த,1,pmuni0171.html
கொழுஞ்சாறுந்,1,pmuni0171.html
தேறலும்வாய்,1,pmuni0171.html
மடுப்போம்,1,pmuni0171.html
பசுந்தழையு,1,pmuni0171.html
மரவுரியு,1,pmuni0171.html
மிசைந்திடவே,1,pmuni0171.html
யுடுப்போம்,1,pmuni0171.html
செழுந்தினையு,1,pmuni0171.html
நறுந்தேனும்,1,pmuni0171.html
விருந்தருந்தக்,1,pmuni0171.html
கொடுப்போம்,1,pmuni0171.html
சினவேங்கைப்,1,pmuni0171.html
புலித்தோலின்,1,pmuni0171.html
பாயலிற்கண்,1,pmuni0171.html
படுப்போம்,1,pmuni0171.html
எழுந்துகயற்,1,pmuni0171.html
கணிகாலில்,1,pmuni0171.html
விழுந்துவினை,1,pmuni0171.html
கெடுப்போம்,1,pmuni0171.html
எங்கள்குறக்,1,pmuni0171.html
குடிக்கடுத்த,1,pmuni0171.html
வியல்பிதுகா,1,pmuni0171.html
புல்வாயின்,1,pmuni0171.html
பார்வையைவெம்,1,pmuni0171.html
புலிப்பார்வை,1,pmuni0171.html
யிணங்கும்,1,pmuni0171.html
புதுத்தினைகல்,1,pmuni0171.html
லுரற்பாறை,1,pmuni0171.html
முன்றிறொறு,1,pmuni0171.html
முணங்கும்,1,pmuni0171.html
கல்விடரில்,1,pmuni0171.html
வரிவேங்கை,1,pmuni0171.html
கடமானோ,1,pmuni0171.html
டுறங்கும்,1,pmuni0171.html
கருமலையில்,1,pmuni0171.html
வெள்ளருவி,1,pmuni0171.html
கறங்கிவழிந்,1,pmuni0171.html
திறங்கும்,1,pmuni0171.html
சில்வலையும்,1,pmuni0171.html
பலவாரு,1,pmuni0171.html
முன்னிறப்பிற்,1,pmuni0171.html
றூங்கும்,1,pmuni0171.html
சிறுதுடியும்,1,pmuni0171.html
பெருமுரசுந்,1,pmuni0171.html
திசைதொறுநின்,1,pmuni0171.html
றேங்கும்,1,pmuni0171.html
கொல்லையின்மான்,1,pmuni0171.html
பிணையுமிளம்,1,pmuni0171.html
பிடியும்விளை,1,pmuni0171.html
யாடும்,1,pmuni0171.html
குறிச்சியெங்கள்,1,pmuni0171.html
குறச்சாதி,1,pmuni0171.html
குடியிருப்ப,1,pmuni0171.html
வெள்ளிமலைக்,1,pmuni0171.html
குறவன்மகன்,1,pmuni0171.html
பழனிமலைக்,1,pmuni0171.html
குறவனெங்கள்,1,pmuni0171.html
வீட்டிற்,1,pmuni0171.html
கொண்ட,1,pmuni0171.html
வள்ளிதனக்,1,pmuni0171.html
கேகுறவர்,1,pmuni0171.html
மலையாட்சி,1,pmuni0171.html
சீதனமா,1,pmuni0171.html
வழங்கி,1,pmuni0171.html
னாராற்,1,pmuni0171.html
பிள்ளைதனக்,1,pmuni0171.html
கெண்ணெயிலை,1,pmuni0171.html
யரைக்குமொரு,1,pmuni0171.html
துணியிலையென்,1,pmuni0171.html
பிறகே,1,pmuni0171.html
வந்த,1,pmuni0171.html
கள்ளிதனைக்,1,pmuni0171.html
கொண்டவன்றே,1,pmuni0171.html
குறவனுக்கு,1,pmuni0171.html
மெனக்குமிலை,1,pmuni0171.html
கங்சி,1,pmuni0171.html
தானே,1,pmuni0171.html
கூடல்புன,1,pmuni0171.html
வாயில்கொடுங்,1,pmuni0171.html
குன்றுபரங்,1,pmuni0171.html
குன்று,1,pmuni0171.html
குற்றால,1,pmuni0171.html
மாப்பனூர்,1,pmuni0171.html
பூவணநெல்,1,pmuni0171.html
வேலி,1,pmuni0171.html
ஏடகமா,1,pmuni0171.html
டானைதிருக்,1,pmuni0171.html
கானப்பேர்,1,pmuni0171.html
சுழிய,1,pmuni0171.html
லிராமேசந்,1,pmuni0171.html
திருப்புத்தூ,1,pmuni0171.html
ரிவைமுதலாந்,1,pmuni0171.html
தலங்கள்,1,pmuni0171.html
நாடியெங்க,1,pmuni0171.html
ணாண்டதமிழ்ப்,1,pmuni0171.html
பாண்டி,1,pmuni0171.html
நன்னாடும்,1,pmuni0171.html
பிறநாடு,1,pmuni0171.html
மென்னாட,1,pmuni0171.html
தாகக்,1,pmuni0171.html
காடுமலை,1,pmuni0171.html
யுந்திரிந்து,1,pmuni0171.html
குறிசொல்லிக்,1,pmuni0171.html
காலங்,1,pmuni0171.html
கழித்தேனென்,1,pmuni0171.html
குறவனுக்குங்,1,pmuni0171.html
கஞ்சிவாரா,1,pmuni0171.html
பொற்றொடிவள்,1,pmuni0171.html
ளிக்கிளைய,1,pmuni0171.html
பூங்கொடியென்,1,pmuni0171.html
பாட்டி,1,pmuni0171.html
பூமகண்மா,1,pmuni0171.html
யவன்மார்பிற்,1,pmuni0171.html
பொலிவளென்று,1,pmuni0171.html
மற்றவள்பெண்,1,pmuni0171.html
களிலெங்கள்,1,pmuni0171.html
பெரியதாய்,1,pmuni0171.html
கலைமான்,1,pmuni0171.html
மலரயனார்,1,pmuni0171.html
திருநாவில்,1,pmuni0171.html
வாழ்வளென்று,1,pmuni0171.html
பெற்றவெங்க,1,pmuni0171.html
ணற்றாயுஞ்,1,pmuni0171.html
சுந்தரியிந்,1,pmuni0171.html
திரன்றோள்,1,pmuni0171.html
பெறுமென்றாள்,1,pmuni0171.html
பின்னெங்கள்,1,pmuni0171.html
சிறியதா,1,pmuni0171.html
சொற்றகுறிக்,1,pmuni0171.html
களவிலையெங்,1,pmuni0171.html
ரறியச்,1,pmuni0171.html
சொன்னேன்பொய்,1,pmuni0171.html
யலநாங்கள்,1,pmuni0171.html
சொன்னது,1,pmuni0171.html
சொன்,1,pmuni0171.html
னதுவே,1,pmuni0171.html
முன்னொருநா,1,pmuni0171.html
ளம்மைதடா,1,pmuni0171.html
தகைபிறந்த,1,pmuni0171.html
நாளின்,1,pmuni0171.html
முகக்குறிகண்,1,pmuni0171.html
டிவளுலக,1,pmuni0171.html
முழுதாளு,1,pmuni0171.html
பின்னொருநாள்,1,pmuni0171.html
கைக்குறிபார்த்,1,pmuni0171.html
தம்மையுனக்,1,pmuni0171.html
கெங்கள்,1,pmuni0171.html
பிஞ்ஞகர்தா,1,pmuni0171.html
மணவாளப்,1,pmuni0171.html
பிள்ளையென்று,1,pmuni0171.html
சொன்னேன்,1,pmuni0171.html
அன்னையவண்,1,pmuni0171.html
மெய்க்குறிக,1,pmuni0171.html
ளனைத்தையும்பார்த்,1,pmuni0171.html
துனக்கோ,1,pmuni0171.html
ராண்பிள்ளை,1,pmuni0171.html
யுண்டுபிறந்,1,pmuni0171.html
தரசாளு,1,pmuni0171.html
சொன்னகுறி,1,pmuni0171.html
யெல்லாமென்,1,pmuni0171.html
சொற்படியே,1,pmuni0171.html
பலிக்கும்,1,pmuni0171.html
தொகுத்துநீ,1,pmuni0171.html
ஒருகாலங்,1,pmuni0171.html
கஞ்சியுமென்,1,pmuni0171.html
குஞ்சுதலைக்,1,pmuni0171.html
கெண்ணெயுமோ,1,pmuni0171.html
ருடுப்பு,1,pmuni0171.html
மீந்தாற்,1,pmuni0171.html
பொருகால,1,pmuni0171.html
வேற்கண்ணாய்,1,pmuni0171.html
மனத்துநீ,1,pmuni0171.html
நினைத்தவெலாம்,1,pmuni0171.html
புகல்வன்,1,pmuni0171.html
கண்டாய்,1,pmuni0171.html
வருகால,1,pmuni0171.html
நிகழ்காலங்,1,pmuni0171.html
கழிகால,1,pmuni0171.html
மூன்றுமொக்க,1,pmuni0171.html
வகுத்துப்,1,pmuni0171.html
பார்த்துத்,1,pmuni0171.html
தருகாலந்,1,pmuni0171.html
தெரிந்துரைப்ப,1,pmuni0171.html
தௌிதரிதன்,1,pmuni0171.html
றெங்கள்குறச்,1,pmuni0171.html
சாதிக்,1,pmuni0171.html
கம்மே,1,pmuni0171.html
குங்குமஞ்சந்,1,pmuni0171.html
தனக்குழம்பிற்,1,pmuni0171.html
குழைத்துத்தரை,1,pmuni0171.html
மெழுகிக்,1,pmuni0171.html
கோலமிட்டுக்,1,pmuni0171.html
குங்குலியக்,1,pmuni0171.html
கொழும்புகையுங்,1,pmuni0171.html
காட்டிச்,1,pmuni0171.html
செங்கனக,1,pmuni0171.html
டிசைநான்கும்,1,pmuni0171.html
பரப்பித்,1,pmuni0171.html
தென்மேலை,1,pmuni0171.html
மூலைதனிற்,1,pmuni0171.html
பிள்ளையார்,1,pmuni0171.html
வைத்துப்,1,pmuni0171.html
பொங்குநறு,1,pmuni0171.html
மலறுகோ,1,pmuni0171.html
டைங்கரர்க்குச்,1,pmuni0171.html
சாத்திப்,1,pmuni0171.html
புழுகுநெய்வார்த்,1,pmuni0171.html
திடுவிளக்கு,1,pmuni0171.html
நிறைநாழி,1,pmuni0171.html
வைத்து,1,pmuni0171.html
மங்கையருக்,1,pmuni0171.html
கரசியெங்க,1,pmuni0171.html
ணமுதை,1,pmuni0171.html
மனத்துள்வைத்து,1,pmuni0171.html
முந்நாழி,1,pmuni0171.html
முச்சிறங்கை,1,pmuni0171.html
நெல்லளந்து,1,pmuni0171.html
கொடுவா,1,pmuni0171.html
முறத்திலொரு,1,pmuni0171.html
படிநெல்லை,1,pmuni0171.html
முன்னேவை,1,pmuni0171.html
இந்நாழி,1,pmuni0171.html
நெல்லையுமுக்,1,pmuni0171.html
கூறுசெய்தோர்,1,pmuni0171.html
கூற்றை,1,pmuni0171.html
யிரட்டை,1,pmuni0171.html
படவெண்ணினபோ,1,pmuni0171.html
தொற்றைபட்ட,1,pmuni0171.html
உன்னாமுன்,1,pmuni0171.html
வேள்விமலைப்,1,pmuni0171.html
பிள்ளையர்வந்,1,pmuni0171.html
துதித்தா,1,pmuni0171.html
ருனக்கினியெண்,1,pmuni0171.html
ணினகரும,1,pmuni0171.html
மிமைப்பினிற்கை,1,pmuni0171.html
கூடும்,1,pmuni0171.html
என்னாணை,1,pmuni0171.html
யெங்கள்குலக்,1,pmuni0171.html
ரறிய,1,pmuni0171.html
வெக்குறிதப்,1,pmuni0171.html
பினுந்தப்பா,1,pmuni0171.html
திக்குறிகா,1,pmuni0171.html
நெல்லளந்,1,pmuni0171.html
திட்ட,1,pmuni0171.html
போது,1,pmuni0171.html
நிமித்தநன்,1,pmuni0171.html
றிடத்தெ,1,pmuni0171.html
ழுந்த,1,pmuni0171.html
பல்லியும்,1,pmuni0171.html
வரத்தே,1,pmuni0171.html
சொல்லும்,1,pmuni0171.html
பத்தினிப்,1,pmuni0171.html
பெண்கள்,1,pmuni0171.html
வாயாற்,1,pmuni0171.html
சொல்லிய,1,pmuni0171.html
வாய்ச்சொ,1,pmuni0171.html
லன்றித்,1,pmuni0171.html
தும்மலு,1,pmuni0171.html
நல்ல,1,pmuni0171.html
தேகாண்,1,pmuni0171.html
அல்லது,1,pmuni0171.html
கிளைகூட்,1,pmuni0171.html
டும்புற்,1,pmuni0171.html
றாந்தைவீச்,1,pmuni0171.html
சழகி,1,pmuni0171.html
வம்மேகை,1,pmuni0171.html
வம்மே,1,pmuni0171.html
கொழுங்கனக,1,pmuni0171.html
ளளைந்திடுமுன்,1,pmuni0171.html
வண்டுசுலா,1,pmuni0171.html
மலர்கொய்ய,1,pmuni0171.html
வருந்திடுமுன்,1,pmuni0171.html
வருந்தினர்க்கு,1,pmuni0171.html
நவநிதியுஞ்,1,pmuni0171.html
சொரிந்திடுமுன்,1,pmuni0171.html
புண்டரிகம்,1,pmuni0171.html
பூத்தழகு,1,pmuni0171.html
பொலிந்திடுமுன்,1,pmuni0171.html
புழுகுறுநெய்ச்,1,pmuni0171.html
சொக்கர்புயந்,1,pmuni0171.html
தழுவிடுமுன்,1,pmuni0171.html
அண்டர்தநா,1,pmuni0171.html
யகியெங்கண்,1,pmuni0171.html
மதுரைநா,1,pmuni0171.html
யகியை,1,pmuni0171.html
யங்கயற்கண்,1,pmuni0171.html
ணாயகியைக்,1,pmuni0171.html
கும்பிடுமுன்,1,pmuni0171.html
அம்மேநின்,1,pmuni0171.html
செங்கையைநின்,1,pmuni0171.html
கொங்கையில்வைத்,1,pmuni0171.html
ததுதா,1,pmuni0171.html
னபிடேகச்,1,pmuni0171.html
சொக்கருனை,1,pmuni0171.html
யணைவரென்ற,1,pmuni0171.html
குறிகாண்,1,pmuni0171.html
இம்மேலைத்,1,pmuni0171.html
திகையினிற்கை,1,pmuni0171.html
யெடுத்ததுவு,1,pmuni0171.html
மவர்தாம்,1,pmuni0171.html
இன்றந்திப்,1,pmuni0171.html
பொழுதினில்வந்,1,pmuni0171.html
தெய்துவரெ,1,pmuni0171.html
கைம்மேற்கை,1,pmuni0171.html
கட்டியதுந்,1,pmuni0171.html
தப்பாம,1,pmuni0171.html
லுனக்குக்,1,pmuni0171.html
கைகூடு,1,pmuni0171.html
நீநினைத்த,1,pmuni0171.html
காரியமென்,1,pmuni0171.html
செம்மேனி,1,pmuni0171.html
மணிவயிற்றிற்,1,pmuni0171.html
கைவைத்த,1,pmuni0171.html
தினிநீ,1,pmuni0171.html
சிறுவர்பதி,1,pmuni0171.html
னறுவரையும்,1,pmuni0171.html
பெறுவையென்ற,1,pmuni0171.html
ஆசிரியவிருத்தம்,1,pmuni0171.html
அங்கைத்,1,pmuni0171.html
தலத்துத்,1,pmuni0171.html
தனரேகை,1,pmuni0171.html
யளவில்,1,pmuni0171.html
செல்வந்,1,pmuni0171.html
தருமுனது,1,pmuni0171.html
செங்கைத்,1,pmuni0171.html
துடிதென்,1,pmuni0171.html
மதுரேசர்,1,pmuni0171.html
செம்பொற்,1,pmuni0171.html
புயத்திற்,1,pmuni0171.html
சேர்க்குமால்,1,pmuni0171.html
இங்கிப்,1,pmuni0171.html
படிபுத்,1,pmuni0171.html
திரரேகை,1,pmuni0171.html
யெவர்க்கு,1,pmuni0171.html
மிலையிப்,1,pmuni0171.html
படிதோளில்,1,pmuni0171.html
தங்கு,1,pmuni0171.html
மறுவங்,1,pmuni0171.html
தன்னோ,1,pmuni0171.html
டிருக்கத்,1,pmuni0171.html
தருமம்மே,1,pmuni0171.html
பொன்பொதியுந்,1,pmuni0171.html
துகிலெனவெண்,1,pmuni0171.html
புயலொடுதண்,1,pmuni0171.html
பனிமூடும்,1,pmuni0171.html
மலையாட்டி,1,pmuni0171.html
பலநதிகள்,1,pmuni0171.html
புணர்ந்தநதி,1,pmuni0171.html
பதியையணை,1,pmuni0171.html
யாதவைகைக்,1,pmuni0171.html
குலநதித்தண்,1,pmuni0171.html
டுறைச்செல்வி,1,pmuni0171.html
அன்பாண்டு,1,pmuni0171.html
கல்வலிதென்,1,pmuni0171.html
றவ்வைபா,1,pmuni0171.html
டியவெங்கள்,1,pmuni0171.html
தென்பாண்டி,1,pmuni0171.html
நாட்டாடன்,1,pmuni0171.html
பொன்மாடஞ்,1,pmuni0171.html
சூழ்ந்தகரும்,1,pmuni0171.html
புயலமலன்,1,pmuni0171.html
போர்வைநிகர்,1,pmuni0171.html
பன்மாடக்,1,pmuni0171.html
கூடலாள்,1,pmuni0171.html
எண்டிசைக்கும்,1,pmuni0171.html
வேம்பாயெம்,1,pmuni0171.html
மிறையவர்க்குக்,1,pmuni0171.html
கரும்பாகும்,1,pmuni0171.html
வண்டிசைக்குந்,1,pmuni0171.html
தாரினாள்,1,pmuni0171.html
தினவட்ட,1,pmuni0171.html
மிடும்பருதித்,1,pmuni0171.html
திண்பரிமண்,1,pmuni0171.html
பரியாக்கும்,1,pmuni0171.html
கனவட்ட,1,pmuni0171.html
வாம்பரியாள்,1,pmuni0171.html
திக்கயங்கள்,1,pmuni0171.html
புறங்கொடுப்பத்,1,pmuni0171.html
திசையெட்டுந்,1,pmuni0171.html
திறைகொண்ட,1,pmuni0171.html
கைக்கயத்தை,1,pmuni0171.html
மேற்கொண்டாள்,1,pmuni0171.html
ஆனேற்றுங்,1,pmuni0171.html
கொடியானை,1,pmuni0171.html
யைங்கணையான்,1,pmuni0171.html
வென்றிடவம்,1,pmuni0171.html
மீனேற்றின்,1,pmuni0171.html
கொடியுயர்த்தாள்,1,pmuni0171.html
இனியாணை,1,pmuni0171.html
யிலையரசர்க்,1,pmuni0171.html
கென்றுதிசை,1,pmuni0171.html
யெட்டுமொரு,1,pmuni0171.html
தனியாணை,1,pmuni0171.html
செலுத்தினாள்,1,pmuni0171.html
கருமலையச்,1,pmuni0171.html
செருமலையுங்,1,pmuni0171.html
கைம்மலைய,1,pmuni0171.html
மன்னர்தொழ,1,pmuni0171.html
வருமலையத்,1,pmuni0171.html
துவசனருண்,1,pmuni0171.html
மடக்கொடியைப்,1,pmuni0171.html
விண்புரக்குங்,1,pmuni0171.html
கதிர்மௌலி,1,pmuni0171.html
முடிகவித்து,1,pmuni0171.html
வெண்குடைக்கீழ்,1,pmuni0171.html
மண்புரக்கு,1,pmuni0171.html
மபிடேக,1,pmuni0171.html
வல்லியைநான்,1,pmuni0171.html
வெம்புருவச்,1,pmuni0171.html
சிலைகுனித்து,1,pmuni0171.html
விழிக்கணைக,1,pmuni0171.html
ளிரண்டெந்தை,1,pmuni0171.html
மொய்ம்புருவத்,1,pmuni0171.html
தொடுத்தெய்த,1,pmuni0171.html
ஊன்கொண்ட,1,pmuni0171.html
முடைத்தலையிற்,1,pmuni0171.html
பலிகொண்டார்க்,1,pmuni0171.html
குலகேழும்,1,pmuni0171.html
தான்கொண்ட,1,pmuni0171.html
வரசாட்சி,1,pmuni0171.html
தந்தாளைப்,1,pmuni0171.html
வானவர்கோன்,1,pmuni0171.html
முடிசிதறி,1,pmuni0171.html
கயலெழுது,1,pmuni0171.html
மீனவர்கோன்,1,pmuni0171.html
றனைப்பயந்த,1,pmuni0171.html
மெல்லியலைப்,1,pmuni0171.html
கான்மணக்குஞ்,1,pmuni0171.html
சடைக்காட்டிற்,1,pmuni0171.html
கவின்மணக்குங்,1,pmuni0171.html
கடிக்கொன்றைத்,1,pmuni0171.html
தேன்மணக்கும்,1,pmuni0171.html
பிறைநாறுஞ்,1,pmuni0171.html
சீறடியைப்,1,pmuni0171.html
எவ்விடத்துந்,1,pmuni0171.html
தாமாகி,1,pmuni0171.html
யிருந்தவருக்,1,pmuni0171.html
கருந்தவரும்,1,pmuni0171.html
வெவ்விடத்தை,1,pmuni0171.html
யமுதாக்கும்,1,pmuni0171.html
விரைக்கொடியைய்,1,pmuni0171.html
வைத்தபகி,1,pmuni0171.html
ரண்டமெனு,1,pmuni0171.html
மணற்சிற்றி,1,pmuni0171.html
லிழைத்திழைத்தோர்,1,pmuni0171.html
பித்தனுடன்,1,pmuni0171.html
விளையாடும்,1,pmuni0171.html
பெய்வளையைப்,1,pmuni0171.html
இலைக்குறியுங்,1,pmuni0171.html
குணமுநமக்,1,pmuni0171.html
கென்பார்க்கு,1,pmuni0171.html
வளைக்குறியும்,1,pmuni0171.html
மணிந்திட்ட,1,pmuni0171.html
ஒன்றாகி,1,pmuni0171.html
யனைத்துயிர்க்கு,1,pmuni0171.html
முயிராகி,1,pmuni0171.html
யெப்பொருளும்,1,pmuni0171.html
அன்றாகி,1,pmuni0171.html
யவையனைத்து,1,pmuni0171.html
மானாளைப்,1,pmuni0171.html
பரசிருக்குந்,1,pmuni0171.html
தமிழ்க்கூடற்,1,pmuni0171.html
பழியஞ்சிச்,1,pmuni0171.html
சொக்கருடன்,1,pmuni0171.html
அரசிருக்கு,1,pmuni0171.html
ணாரமுதைப்,1,pmuni0171.html
கொச்சகக்,1,pmuni0171.html
நீர்வாழி,1,pmuni0171.html
தென்மதுரை,1,pmuni0171.html
நின்மலனா,1,pmuni0171.html
ரருள்வாழி,1,pmuni0171.html
கார்வாழி,1,pmuni0171.html
கன்னிதிரு,1,pmuni0171.html
வருள்வாழி,1,pmuni0171.html
சீர்வாழி,1,pmuni0171.html
கச்சிநகர்த்,1,pmuni0171.html
திருமலைபூ,1,pmuni0171.html
பதிவாழி,1,pmuni0171.html
பேர்வாழி,1,pmuni0171.html
யவன்செல்வம்,1,pmuni0171.html
பெரிதூழி,1,pmuni0171.html
வாழியவே,1,pmuni0171.html
முற்றிற்று,1,pmuni0171.html
